No.,Variant,HGVS cDNA,Protein Change,Base Change,Domain,SIFT Score,SIFT Prediction,PolyPhen-2 Score,PolyPhen-2 Prediction,I-Mutant ΔΔG (kcal/mol),I-Mutant Stability,Overall Interpretation,ClinVar Variation ID,VCV Accession,Condition,ClinVar Classification,Review Status,rsID,Project HOPE Structural/Functional Interpretation,Evidence Summary
1,C124S,c.370T>A,p.Cys124Ser,T>A,Catalytic / phosphatase,0,Affect protein function,1,Probably damaging,-0.49,Decreased,Strongly damaging,824108,VCV000824108,"Hereditary cancer-predisposing syndrome, Cowden syndrome 1",G: Likely pathogenic,"criteria provided, multiple submitters, no conflicts",rs121909223,"Active-site residue in the phosphatase tensin-type domain; HOPE states mutation at this active-site position will disable protein function. WT Cys is more hydrophobic than Ser; WT forms an H-bond with Thr131, and HOPE predicts altered H-bond formation. The residue is 100% conserved in the analyzed sequences.",SIFT + PolyPhen-2 + I-Mutant + ClinVar + Project HOPE
2,C124G,c.370T>G,p.Cys124Gly,T>G,Catalytic / phosphatase,0,Affect protein function,1,Probably damaging,-1.21,Decreased,Strongly damaging,185817,VCV000185817,"Hereditary cancer-predisposing syndrome, PTEN hamartoma tumor syndrome",G: Pathogenic,"criteria provided, multiple submitters, no conflicts",rs121909223,"Active-site residue in the phosphatase tensin-type domain. Gly is smaller and less hydrophobic than Cys; HOPE predicts an empty space and loss of hydrophobic interactions in the protein core, loss of the WT H-bond with Thr131, and possible loss of required rigidity because Gly is highly flexible. The residue is 100% conserved.",SIFT + PolyPhen-2 + I-Mutant + ClinVar + Project HOPE
3,C124Y,c.371G>A,p.Cys124Tyr,G>A,Catalytic / phosphatase,0.01,Affect protein function,1,Probably damaging,-0.45,Decreased,Damaging,233631,VCV000233631,"Hereditary cancer-predisposing syndrome, not provided, Cowden syndrome 1, PTEN hamartoma tumor syndrome",G: Pathogenic/Likely pathogenic,"criteria provided, multiple submitters, no conflicts",rs876660535,Active-site residue in the phosphatase tensin-type domain. Tyr is larger and less hydrophobic than Cys; HOPE predicts poor fit in the buried core and loss of the WT H-bond with Thr131. The residue is 100% conserved.,SIFT + PolyPhen-2 + I-Mutant + ClinVar + Project HOPE
4,C124W,c.372T>G,p.Cys124Trp,T>G,Catalytic / phosphatase,0,Affect protein function,1,Probably damaging,-0.45,Decreased,Strongly damaging,1734391,VCV001734391,"Hereditary cancer-predisposing syndrome, Cowden syndrome 1",G: Pathogenic/Likely pathogenic,"criteria provided, multiple submitters, no conflicts",rs1554898126,Active-site residue in the phosphatase tensin-type domain. Trp is larger than Cys; HOPE predicts poor fit in the buried core and loss of hydrophobic interactions. The WT H-bond with Thr131 is predicted to be disrupted. The residue is 100% conserved.,SIFT + PolyPhen-2 + I-Mutant + ClinVar + Project HOPE
5,R130G,c.388C>G,p.Arg130Gly,C>G,Catalytic / phosphatase,0.03,Affect protein function,1,Probably damaging,-0.45,Decreased,Strongly damaging,375958,VCV000375958,PTEN hamartoma tumor syndrome,G: Pathogenic,reviewed by expert panel,rs121909224,"Phosphatase tensin-type domain. Arg-to-Gly removes the positive charge, reduces side-chain size and increases hydrophobicity. HOPE predicts loss of the WT H-bond with Phe90 and disruption of salt bridges with Glu73, Glu91 and Asp92; Gly flexibility may disturb local rigidity. The residue is 100% conserved.",SIFT + PolyPhen-2 + I-Mutant + ClinVar + Project HOPE
6,R130L,c.389G>T,p.Arg130Leu,G>T,Catalytic / phosphatase,0.04,Affect protein function,1,Probably damaging,0.07,Increased,Functionally damaging despite minimal stability change,376509,VCV000376509,"Hereditary cancer-predisposing syndrome, not provided, Cowden syndrome 1, PTEN hamartoma tumor syndrome",G: Pathogenic/Likely pathogenic,"criteria provided, multiple submitters, no conflicts",rs121909229,"Phosphatase tensin-type domain. Arg-to-Leu removes the positive charge, reduces side-chain size and increases hydrophobicity. HOPE predicts disruption of the WT H-bond with Phe90 and salt bridges with Glu73, Glu91 and Asp92. The residue is 100% conserved.",SIFT + PolyPhen-2 + I-Mutant + ClinVar + Project HOPE
7,R130P,c.389G>C,p.Arg130Pro,G>C,Catalytic / phosphatase,0.03,Affect protein function,1,Probably damaging,-0.46,Decreased,Strongly damaging,142018,VCV000142018,PTEN hamartoma tumor syndrome,G: Pathogenic,reviewed by expert panel,rs121909229,"Phosphatase tensin-type domain. Arg-to-Pro removes the positive charge, reduces side-chain size and increases hydrophobicity. HOPE predicts disruption of the WT H-bond with Phe90 and salt bridges with Glu73, Glu91 and Asp92. The residue is 100% conserved.",SIFT + PolyPhen-2 + I-Mutant + ClinVar + Project HOPE
8,P204A,c.610C>G,p.Pro204Ala,C>G,C2,0.12,Tolerated,0.998,Probably damaging,0.1,Increased,Discordant functional/stability prediction,189415,VCV000189415,PTEN hamartoma tumor syndrome,G: Pathogenic,reviewed by expert panel,rs786204868,"C2 domain. Ala is smaller than Pro, and HOPE predicts an empty space in the protein core. Because Pro is rigid and can impose a special backbone conformation, replacing it may disturb the local conformation. The residue is 100% conserved.",SIFT + PolyPhen-2 + I-Mutant + ClinVar + Project HOPE
9,G251V,c.752G>T,p.Gly251Val,G>T,C2,0,Affect protein function,0.999,Probably damaging,-1.19,Decreased,Strongly damaging,536548,VCV000536548,PTEN hamartoma tumor syndrome,G: Likely pathogenic,reviewed by expert panel,rs1554825226,"C2 domain. Val is larger and more hydrophobic than Gly. HOPE indicates that the WT Gly is highly flexible and that its flexibility may be required for protein function; replacing it can disturb the local structure. The residue is highly conserved, although a few other residue types occur at this position.",SIFT + PolyPhen-2 + I-Mutant + ClinVar + Project HOPE
10,T277R,c.830C>G,p.Thr277Arg,C>G,C2,0,Affect protein function,1,Probably damaging,0.41,Increased,Functionally damaging despite increased stability,428268,VCV000428268,PTEN hamartoma tumor syndrome,G: Likely pathogenic,reviewed by expert panel,rs398123329,"C2 domain. Arg is larger, positively charged and less hydrophobic than Thr. HOPE predicts introduction of charge into a buried residue, possible folding problems, poor fit in the core, and loss of hydrophobic interactions. The residue is highly conserved, although a few other residue types occur at this position.",SIFT + PolyPhen-2 + I-Mutant + ClinVar + Project HOPE
